system	media_type	relative_path	bytes	sha256	source_name
bazi_ziwei_skill	zip	bazi-ziwei-mingli-skill-v8.5.zip	62186087	25f54a5a67c6cfa079848741c4ba227de40da59e733404f2db4631f31b213ac8	https://drive.google.com/file/d/1Hp42pDlI-o-DpbfeVI04YfDjnkDa319Z/view?usp=sharing
bazi	pdf	bazi/pdf/三命通会.pdf	1524206	7a96dda39e115e1286e0f80ab023d5fc154e9cdb2c0e1474179bfe405431f5fa	三命通会.pdf
bazi	pdf	bazi/pdf/八字 - 子平格局命法元钥【上】简体版.pdf	4197497	9da2e2830ba8e08c6374086408493d9807d7054cbb690b1e244a52d2a9e5641c	八字 - 子平格局命法元钥【上】简体版.pdf
bazi	pdf	bazi/pdf/八字 - 格局论命.pdf	781226	733ce09e69036c7650f87ff7b160067504df127597056a1ecccc5767c0f9323a	八字 - 格局论命.pdf
bazi	pdf	bazi/pdf/子平真诠(上海会文堂印局,民国十二年十月).pdf	6193849	daaa92400e9234467b9d0b0396c631245c6f76d28362fc8bda5cb779d55d4031	子平真诠(上海会文堂印局,民国十二年十月).pdf
bazi	pdf	bazi/pdf/子平真诠-沈孝瞻原著.pdf	580320	449336b5e35aa6811b0462093d0175c45a0add44065bf2d3845cff75981db692	子平真诠-沈孝瞻原著.pdf
bazi	pdf	bazi/pdf/子平真诠评注.pdf	1039666	78d5e341964c156a35f0c229ee5450c80a3eb5423faad9a29afbcda4b742afb6	子平真诠评注.pdf
bazi	pdf	bazi/pdf/渊海子平.pdf	625608	64509e9817b072b100e3dd361c754a72873afbe4b50d55ffe3632ae71a983c2d	渊海子平.pdf
bazi	pdf	bazi/pdf/滴天髓.pdf	825164	13b65f27f6de19113837e093c1ffe3b569ad1430b6aa4d7de98008a8fd95026b	滴天髓.pdf
bazi	pdf	bazi/pdf/神峰通考.pdf	7576344	28b36ae3f8b898aa2a2e11230b903b778760faca0f4c931474805dbfe32b43dd	神峰通考.pdf
bazi	pdf	bazi/pdf/穷通宝鉴.pdf	599298	7958035cbc5f55185bf273e46467473ade28dd3f3132101997522224ad333cbc	穷通宝鉴.pdf
bazi	pdf	bazi/pdf/胡一鸣八字命理.pdf	604036	b8c302c04459f25df6b67e81f048202a602cbefba0510cecbd4cb31fdeff1dd7	胡一鸣八字命理.pdf
bazi	pdf	bazi/pdf/胡一鸣老师八字结缘高级面授班笔记.pdf	1854960	d359192ad825a0828ccb84097a05091110397e0cd848c2eefde7e1c351f0df8b	胡一鸣老师八字结缘高级面授班笔记.pdf
bazi	text	bazi/text/《三命通会》精美排版.txt	1018248	dc9b0c0d0a725cb815de05229d0c6b6444b1730c148ec37765255815b6b8dfb2	《三命通会》精美排版.txt
bazi	text	bazi/text/《子平真诠》本义(完整版).txt	215865	cee58dd404e42ab6f21e6c270e840d01ad8e3c5165e4b33a9e54c4e8b395e8ba	《子平真诠》本义(完整版).txt
bazi	text	bazi/text/八字 - 三命通会.txt	597598	8151fd49bc4d2993110bac53721cbfb7cf635839e7a1adb77dc58afd193f5487	八字 - 三命通会.txt
bazi	text	bazi/text/八字 - 格局论命.txt	327808	9ae34c310a442c32fd8fd395a95250c1c73703f3eff693f5cfab59241ca2589e	八字 - 格局论命.txt
bazi	text	bazi/text/八字 - 渊海子平.txt	163518	ffaede263ee588d093a3c16775fd316e5fcec12ce718a82317ec97a0a87e3633	八字 - 渊海子平.txt
bazi	text	bazi/text/子平格局命法元钥【上】简体版.txt	709655	a125e94e035f40535bc0bc284745f14b110597470920ade5743d5335c96570a3	子平格局命法元钥【上】简体版.txt
bazi	text	bazi/text/派派小说_三命通会.txt	686506	6cc2f3cbf3b86d7c1b23c5fb260dd9c6a6378b1467cc43a2b1ad1811c56e52ac	派派小说_三命通会.txt
bazi	text	bazi/text/渊海子平全书.txt	174103	4706df3cd7a00da84d2936882c30a3554d477b9c36501e47bfd8d5adaefd90c3	渊海子平全书.txt
bazi	text	bazi/text/论子女.txt	12311	05e6b4df5065dedc9592c581c3e52016e768681117d138cb3b121df0f686198b	论子女.txt
liuren	pdf	liuren/pdf/大六壬指南2.pdf	1631459	0131b26c308f9a561811f0e6f0aa733d5c8ca8419235ee2d86cc2baa3f362319	大六壬指南2.pdf
liuren	pdf	liuren/pdf/大六壬精义讲解.pdf	975150	2c2744febbfc70dddd35b958060f71646ba69ff0367ef21555385ebc05ccf40b	大六壬精义讲解.pdf
liuren	pdf	liuren/pdf/大六壬集应钤/00_大六壬集应钤_正文前.pdf	1791176	3e11bfa85ca5274b34466fb57c91a4372e022ee9f87f5151723a9de943175943	大六壬集应钤/00_大六壬集应钤_正文前.pdf
liuren	pdf	liuren/pdf/大六壬集应钤/01_大六壬集应钤_卷之一_甲子.pdf	6313923	0575b458649b2a8802efd6848978d16781febaddf5947b5a764f4923d295859d	大六壬集应钤/01_大六壬集应钤_卷之一_甲子.pdf
liuren	pdf	liuren/pdf/大六壬集应钤/02_大六壬集应钤_卷之二_乙丑.pdf	3427504	64283b39536056b2ec7c34e102885d94369c7dc559dcc1badc5747efdb9ca9cc	大六壬集应钤/02_大六壬集应钤_卷之二_乙丑.pdf
liuren	pdf	liuren/pdf/大六壬集应钤/03_大六壬集应钤_卷之三_丙寅.pdf	11129504	186f646f5910499073843a4b5b7998b3f59b4ddc8c30af553c5b2795fa6b09e3	大六壬集应钤/03_大六壬集应钤_卷之三_丙寅.pdf
liuren	pdf	liuren/pdf/大六壬集应钤/04_大六壬集应钤_卷之四_丁卯.pdf	15521493	70a7fc8dda52fb04d2cc0696182d8c89fc96db83b5a64784b4fba3037aaac95f	大六壬集应钤/04_大六壬集应钤_卷之四_丁卯.pdf
liuren	pdf	liuren/pdf/大六壬集应钤/05_大六壬集应钤_卷之五_戊辰.pdf	13009035	2d9cde416f255ed757d1bcdcb4d67153e3924d518766f2eab78c8a701cb04ed1	大六壬集应钤/05_大六壬集应钤_卷之五_戊辰.pdf
liuren	pdf	liuren/pdf/大六壬集应钤/06_大六壬集应钤_卷之六_己巳.pdf	10440351	30e5cc8c93b25bd6ac76900477a2564cb9d2fb6baa0dcc38e6eb4664c49755a9	大六壬集应钤/06_大六壬集应钤_卷之六_己巳.pdf
liuren	pdf	liuren/pdf/大六壬集应钤/07_大六壬集应钤_卷之七_庚午.pdf	11586960	0465cbfefc369cfd34468a99704315c00f831e5d530cff5ce717f431cd4ca998	大六壬集应钤/07_大六壬集应钤_卷之七_庚午.pdf
liuren	pdf	liuren/pdf/大六壬集应钤/08_大六壬集应钤_卷之八_辛未.pdf	7901336	4ccdb420e422e833d6a906b3328a59a8b410b961d7fb684386685bbc205b0958	大六壬集应钤/08_大六壬集应钤_卷之八_辛未.pdf
liuren	pdf	liuren/pdf/大六壬集应钤/09_大六壬集应钤_卷之九_壬申.pdf	7261678	abc5f524fa4ef81071ac175e0557f5d4f9c274a6eb75d44d7b724624ad6d8786	大六壬集应钤/09_大六壬集应钤_卷之九_壬申.pdf
liuren	pdf	liuren/pdf/大六壬集应钤/10_大六壬集应钤_卷之十_癸酉.pdf	3181961	7ef4ab00bb19132640c1b94af049cd60047c53d929e78823ab850ec6f31b9757	大六壬集应钤/10_大六壬集应钤_卷之十_癸酉.pdf
liuren	pdf	liuren/pdf/大六壬集应钤/11_大六壬集应钤_卷十一_甲戌.pdf	9030415	bedcc2a683efabcd20af009d8156f81a6ed3ea7abea35869e50fb8666222c141	大六壬集应钤/11_大六壬集应钤_卷十一_甲戌.pdf
liuren	pdf	liuren/pdf/大六壬集应钤/12_大六壬集应钤_卷十二_乙亥.pdf	9753418	2884ba730ce9baf79d1b9183d2b116dfa4f49fd36b95785d93378edaed016cf3	大六壬集应钤/12_大六壬集应钤_卷十二_乙亥.pdf
liuren	pdf	liuren/pdf/大六壬集应钤/13_大六壬集应钤_卷十三_丙子.pdf	18268581	99d8e06affd4bb60a76a4c6850f4128c44cbefa025da51c9fb11a0b357dd7c1b	大六壬集应钤/13_大六壬集应钤_卷十三_丙子.pdf
liuren	pdf	liuren/pdf/大六壬集应钤/14_大六壬集应钤_卷十四_丁丑.pdf	20105848	00f64ad1536409cade89ec1002ec30763a737a0fe8b7e1acf72040877312d2a1	大六壬集应钤/14_大六壬集应钤_卷十四_丁丑.pdf
liuren	pdf	liuren/pdf/大六壬集应钤/15_大六壬集应钤_卷十五_戊寅.pdf	6894171	60f40a3a75d93d9222c45a22f71eb22a4fcc2ce714645babb272900010373782	大六壬集应钤/15_大六壬集应钤_卷十五_戊寅.pdf
liuren	pdf	liuren/pdf/大六壬集应钤/16_大六壬集应钤_卷十六_己卯.pdf	23760959	de2773c63dc12ee3968c51e2cf1bb00710df621d77973ad136886922e38a1163	大六壬集应钤/16_大六壬集应钤_卷十六_己卯.pdf
liuren	pdf	liuren/pdf/大六壬集应钤/17_大六壬集应钤_卷十七_庚辰.pdf	7258078	9d58f7f6066ee895216e5ddba71fb71ca62e8079c332ec91fbbe2be844c4a3a1	大六壬集应钤/17_大六壬集应钤_卷十七_庚辰.pdf
liuren	pdf	liuren/pdf/大六壬集应钤/18_大六壬集应钤_卷十八_辛巳.pdf	4840072	ceafefc03f82b35b00583eecefea592a5ca86b0b6bccb5e3c1389b3f1c570c6a	大六壬集应钤/18_大六壬集应钤_卷十八_辛巳.pdf
liuren	pdf	liuren/pdf/大六壬集应钤/19_大六壬集应钤_卷十九_壬午.pdf	10323897	020420602cae3fe83b4bd31edfa58685048dca461387e82a1969f4f24955c4d1	大六壬集应钤/19_大六壬集应钤_卷十九_壬午.pdf
liuren	pdf	liuren/pdf/大六壬集应钤/20_大六壬集应钤_卷二十_癸未.pdf	10086347	7fa11b9054c299ccfc64e89f24cc889c632c9a09dac7911f9d505bfdf93b6948	大六壬集应钤/20_大六壬集应钤_卷二十_癸未.pdf
liuren	pdf	liuren/pdf/大六壬集应钤/21_大六壬集应钤_卷二一_甲申.pdf	11007373	ed67133f66ea454a536023dd9cf46c868de44de6ef5977e9703b92d2a458d653	大六壬集应钤/21_大六壬集应钤_卷二一_甲申.pdf
liuren	pdf	liuren/pdf/大六壬集应钤/22_大六壬集应钤_卷二二_乙酉.pdf	3065486	320ac402f7dc642d6e6e2396d4c03b816dcdfab4153b1c224c6cf4a3da6c2f93	大六壬集应钤/22_大六壬集应钤_卷二二_乙酉.pdf
liuren	pdf	liuren/pdf/大六壬集应钤/23_大六壬集应钤_卷二三_丙戌.pdf	16274095	d94c673a38488a279b7f0e87af3541655066351ee63fdf9e88a04f49ac2842c1	大六壬集应钤/23_大六壬集应钤_卷二三_丙戌.pdf
liuren	pdf	liuren/pdf/大六壬集应钤/24_大六壬集应钤_卷二四_丁亥.pdf	4370768	dd49e1a1219b1003497debbd6e4e6f6dfb97b6cf32228a3ca9326928d41ab2e8	大六壬集应钤/24_大六壬集应钤_卷二四_丁亥.pdf
liuren	pdf	liuren/pdf/大六壬集应钤/25_大六壬集应钤_卷二五_戊子.pdf	13497755	899f2cfed1763718a24249e80a9e29fc4630fd9091f26f888b6c048086b0e137	大六壬集应钤/25_大六壬集应钤_卷二五_戊子.pdf
liuren	pdf	liuren/pdf/大六壬集应钤/26_大六壬集应钤_卷二六_己丑.pdf	27403453	24afec43bacb2328be9423a6ebd56047cf618174f83f2450c4ade09de01c8a12	大六壬集应钤/26_大六壬集应钤_卷二六_己丑.pdf
liuren	pdf	liuren/pdf/大六壬集应钤/27_大六壬集应钤_卷二七_庚寅.pdf	26021490	d2384987ab43c7bfa0f6bf4396af13db333dcc2b245233e33682d1c67950a1d3	大六壬集应钤/27_大六壬集应钤_卷二七_庚寅.pdf
liuren	pdf	liuren/pdf/大六壬集应钤/28_大六壬集应钤_卷二八_辛卯.pdf	19412539	060fbc44c019b480c99001440bf8c33745a3e244962f09e69a2489aff28443cf	大六壬集应钤/28_大六壬集应钤_卷二八_辛卯.pdf
liuren	pdf	liuren/pdf/大六壬集应钤/29_大六壬集应钤_卷二九_壬辰.pdf	3999218	5052a4dc8da86f6f0719f215fdf039a5e50390e31121f87ce16a9a8eae983a96	大六壬集应钤/29_大六壬集应钤_卷二九_壬辰.pdf
liuren	pdf	liuren/pdf/大六壬集应钤/30_大六壬集应钤_卷三十_癸巳.pdf	14539645	38a3e063424b866ed2bcec73e74cc12a1f6dbcd22155ff85c541ad4d1d240feb	大六壬集应钤/30_大六壬集应钤_卷三十_癸巳.pdf
liuren	pdf	liuren/pdf/大六壬集应钤/31_大六壬集应钤_卷三一_甲午.pdf	23167624	9eb26d903cceeb7dda44c10da3977e4c803ac4eaf9f063283e2b64531c848d05	大六壬集应钤/31_大六壬集应钤_卷三一_甲午.pdf
liuren	pdf	liuren/pdf/大六壬集应钤/32_大六壬集应钤_卷三二_乙未.pdf	10904168	cc94ed601c1cc630fe25d0e432b337d9c0062ab59428fc86d2b0c8d7a72fa718	大六壬集应钤/32_大六壬集应钤_卷三二_乙未.pdf
liuren	pdf	liuren/pdf/大六壬集应钤/33_大六壬集应钤_卷三三_丙申.pdf	19701493	bc3c7ae560479c7fc21bfedcebb4146d484961adc73ad54cde94ab3f2c1134d3	大六壬集应钤/33_大六壬集应钤_卷三三_丙申.pdf
liuren	pdf	liuren/pdf/大六壬集应钤/34_大六壬集应钤_卷三四_丁酉.pdf	16005787	ea5255eff593567831be44b97050fbe5df3b280790da8893e093b971c0ba7e32	大六壬集应钤/34_大六壬集应钤_卷三四_丁酉.pdf
liuren	pdf	liuren/pdf/大六壬集应钤/35_大六壬集应钤_卷三五_戊戌.pdf	23089076	59e1276b01eac860ad48b8b5c7ac7e04f778fed7aae87b6eb9c324b5fba1d3f6	大六壬集应钤/35_大六壬集应钤_卷三五_戊戌.pdf
liuren	pdf	liuren/pdf/大六壬集应钤/36_大六壬集应钤_卷三六_己亥.pdf	24804595	825fbad34d7649af6e3fd57fa1fdbdae26bb93a4ed2d846def8a6821b53d290a	大六壬集应钤/36_大六壬集应钤_卷三六_己亥.pdf
liuren	pdf	liuren/pdf/大六壬集应钤/37_大六壬集应钤_卷三七_庚子.pdf	8519607	e4dc022c19f638be854441fabba6a442e1cc80b942525ba4caadc6dd9ffe1811	大六壬集应钤/37_大六壬集应钤_卷三七_庚子.pdf
liuren	pdf	liuren/pdf/大六壬集应钤/38_大六壬集应钤_卷三八_辛丑.pdf	2905604	97a484a4f54cb15dfddabcf56569a744dcb13f2d3b86449a3b275b75a2ed23a1	大六壬集应钤/38_大六壬集应钤_卷三八_辛丑.pdf
liuren	pdf	liuren/pdf/大六壬集应钤/39_大六壬集应钤_卷三九_壬寅.pdf	4004684	90b0ac037cba222b7368e4f5c390f452dc8086633dadea87639da4cda5156eee	大六壬集应钤/39_大六壬集应钤_卷三九_壬寅.pdf
liuren	pdf	liuren/pdf/大六壬集应钤/40_大六壬集应钤_卷四十_癸卯.pdf	5546109	68c1d404415788434a1029efffd8dbb1a5eab2abbb729e0cd04d80209085a402	大六壬集应钤/40_大六壬集应钤_卷四十_癸卯.pdf
liuren	pdf	liuren/pdf/大六壬集应钤/41_大六壬集应钤_卷四一_甲辰.pdf	7947194	5e08f364d1fb2bb21a474cdbdeff2240ec5d77f916758e98332ac32ec72b3950	大六壬集应钤/41_大六壬集应钤_卷四一_甲辰.pdf
liuren	pdf	liuren/pdf/大六壬集应钤/42_大六壬集应钤_卷四二_乙巳.pdf	8006329	1738a75aafeda7b47fc3f5dcf90454b1fd07bdcf2ae45e25ffa8c68f6518d85b	大六壬集应钤/42_大六壬集应钤_卷四二_乙巳.pdf
liuren	pdf	liuren/pdf/大六壬集应钤/43_大六壬集应钤_卷四三_丙午.pdf	9589781	49a7330353d1c1b2a1f47c5fb7f2fb8f3faef944ffbd2a30357ba9b69060afd7	大六壬集应钤/43_大六壬集应钤_卷四三_丙午.pdf
liuren	pdf	liuren/pdf/大六壬集应钤/44_大六壬集应钤_卷四四_丁未.pdf	13644143	740b18b945051e0649e8e6050d4362fb5970a86ea7ef9d70065fa0619d31169f	大六壬集应钤/44_大六壬集应钤_卷四四_丁未.pdf
liuren	pdf	liuren/pdf/大六壬集应钤/45_大六壬集应钤_卷四五_戊申.pdf	10885463	0eb427de48584444d183a4bc463c5eeb5be028d856a27b8a4f83fd22fe4b2dd1	大六壬集应钤/45_大六壬集应钤_卷四五_戊申.pdf
liuren	pdf	liuren/pdf/大六壬集应钤/46_大六壬集应钤_卷四六_己酉.pdf	9922433	7d8f0f9b5c024db93ade85daa33571c9658a15cdce7ea92d42deafdf44a8bf27	大六壬集应钤/46_大六壬集应钤_卷四六_己酉.pdf
liuren	pdf	liuren/pdf/大六壬集应钤/47_大六壬集应钤_卷四七_庚戌.pdf	5837734	b2d586cb864cb6e4235be6349652c460a300d5a23ec85d3016dbf7ba88739965	大六壬集应钤/47_大六壬集应钤_卷四七_庚戌.pdf
liuren	pdf	liuren/pdf/大六壬集应钤/48_大六壬集应钤_卷四八_辛亥.pdf	2287858	278acf97a78601b972279ef7c0e0f2cb702efe2ced9b1ee905a4129f80986d9a	大六壬集应钤/48_大六壬集应钤_卷四八_辛亥.pdf
liuren	pdf	liuren/pdf/大六壬集应钤/49_大六壬集应钤_卷四九_壬子.pdf	11946981	880e49531ea75075ba47e65b922d52164d41ee07920322c923101d4889a53d7c	大六壬集应钤/49_大六壬集应钤_卷四九_壬子.pdf
liuren	pdf	liuren/pdf/大六壬集应钤/50_大六壬集应钤_卷五十_癸丑.pdf	2589225	d9cd399e5c002c519264a215ac127705a19d3205cecaa9f1c832dd92cbfa0f92	大六壬集应钤/50_大六壬集应钤_卷五十_癸丑.pdf
liuren	pdf	liuren/pdf/大六壬集应钤/51_大六壬集应钤_卷五一_甲寅.pdf	4219630	11bcad98fd32fb945d9cbe968a0ac9d0dd7f201cecac5e4a53741c06b4f05313	大六壬集应钤/51_大六壬集应钤_卷五一_甲寅.pdf
liuren	pdf	liuren/pdf/大六壬集应钤/52_大六壬集应钤_卷五二_乙卯.pdf	5339524	3dfbe5bc4866c77f047471e5acc0aa34fea37a0367cb7c53b54d7ae81149dddc	大六壬集应钤/52_大六壬集应钤_卷五二_乙卯.pdf
liuren	pdf	liuren/pdf/大六壬集应钤/53_大六壬集应钤_卷五三_丙辰.pdf	4136542	9e3d3500c0654964fbadc2e815f8907271a96b564527e92ec447195de7167da2	大六壬集应钤/53_大六壬集应钤_卷五三_丙辰.pdf
liuren	pdf	liuren/pdf/大六壬集应钤/54_大六壬集应钤_卷五四_丁巳.pdf	2757484	4e69a821b9bdf68cb6e69077dacb0e754487c520e85608531d80bf61e81174e2	大六壬集应钤/54_大六壬集应钤_卷五四_丁巳.pdf
liuren	pdf	liuren/pdf/大六壬集应钤/55_大六壬集应钤_卷五五_戊午.pdf	2348014	ab5b47fdabf06aeaa4646d4e7ef2fc0256942bf571e538ce11099b84ca6f901d	大六壬集应钤/55_大六壬集应钤_卷五五_戊午.pdf
liuren	pdf	liuren/pdf/大六壬集应钤/56_大六壬集应钤_卷五六_己未.pdf	3695151	bb93131e5a98d4f6ce90f4dc419ab9674a362113e16fd60ce9653ffc2fee6955	大六壬集应钤/56_大六壬集应钤_卷五六_己未.pdf
liuren	pdf	liuren/pdf/大六壬集应钤/57_大六壬集应钤_卷五七_庚申.pdf	3742340	303833b2698ddd7394271d5b0684140dfb52ddf023566eada455fa280b74b2ef	大六壬集应钤/57_大六壬集应钤_卷五七_庚申.pdf
liuren	pdf	liuren/pdf/大六壬集应钤/58_大六壬集应钤_卷五八_辛酉.pdf	14102908	45a05c004458aa5fcb1b9f2acecdcd2ee725d37a30e091965739fa96db6597bf	大六壬集应钤/58_大六壬集应钤_卷五八_辛酉.pdf
liuren	pdf	liuren/pdf/大六壬集应钤/59_大六壬集应钤_卷五九_壬戌.pdf	5950699	944f540e3ced931fa95e9e182cd23fb0053eb525d0de2c04a398aabae817eae4	大六壬集应钤/59_大六壬集应钤_卷五九_壬戌.pdf
liuren	pdf	liuren/pdf/大六壬集应钤/60_大六壬集应钤_卷六十_癸亥.pdf	3310120	7bbdc40112ce72e5bbae6b1d7423a7991aa7a68bcbdbb348109da3ad877db3e3	大六壬集应钤/60_大六壬集应钤_卷六十_癸亥.pdf
liuren	pdf	liuren/pdf/御定六壬直指.pdf	25027089	eee7a5e07c41699180fecfdb1f59a39bd74a3eb2eaf4a263c3ca9a246078e5fe	御定六壬直指.pdf
liuren	pdf	liuren/pdf/杨春义大六壬基础、提高班讲义.pdf	595732	c5742745a4c58d4c13056a30783bd19933514a9f3e38827f61b6130018f934d0	杨春义大六壬基础、提高班讲义.pdf
liuren	text	liuren/text/六壬大全.txt	834439	d17634dacae466a77574bb837a6ea43125036a3b84b1716aa24662d31b3bb4a4	六壬大全.txt
liuren	text	liuren/text/六壬大全之十二天将.txt	5014	a7931c6a21f7192cb4f31640ab4fe46e88596040015111cb97b7f8f88e1c6075	六壬大全之十二天将.txt
liuren	text	liuren/text/六壬大全之毕法赋.txt	144552	1154d287f2f2b87caad42f997f369de236f4b8c13e261b3e62a7c76b3880809a	六壬大全之毕法赋.txt
liuren	text	liuren/text/六壬断案.txt	257127	141a261114a4805398bd1ea2bb0922a41f3bfe71da9f015193191c6a0f653fb6	六壬断案.txt
liuren	text	liuren/text/六壬神煞.txt	9266	f68cfab5a425a2c17a2a963f23d5b422609dbac2437d2a707e71f02d82b4a2e8	六壬神煞.txt
liuren	text	liuren/text/刘文元大六壬录象记录.txt	307535	8d4d468c863a05f7943dd22dc61de0c7fbd5b7c5076f4cd7221d08f2a9ceab7e	刘文元大六壬录象记录.txt
liuren	text	liuren/text/十二天官判词精解.txt	28978	2a4cce96207fabb741cd2a40ccfa782d3fb43df889db7c5f70f07c5a3d44b587	十二天官判词精解.txt
liuren	text	liuren/text/大六壬 - 快速起盘法.txt	11303	bfc8fe5573f79aa70d96ea682df9b39aeef25e3d73467c376b419127c843bfa4	大六壬 - 快速起盘法.txt
liuren	text	liuren/text/大六壬720课.txt	691553	19cb0df6d24cd0fdd1b6388d769eb0554889d4c6e35bfb59a7c7248a0ac985f6	大六壬720课.txt
liuren	text	liuren/text/大六壬720课0.txt	413395	eb935fb2c1227d8bc37e4a522638643084120a298b9458685ed69140f71827d7	大六壬720课0.txt
liuren	text	liuren/text/大六壬射姓.txt	67464	01f33e7f93d07108f9354c0efb6c6ca4fad97cb623d73e1681b831722f698550	大六壬射姓.txt
liuren	text	liuren/text/御定六壬直指.txt	1085093	becd09bd5ad4095e770ea3bb907f03878d96d55237693fe046572a6c012b2a5c	御定六壬直指.txt
liuren	text	liuren/text/御定六壬直指0.txt	1066086	77ef1c382b833583cd1710c413960d2e45abb6d44dd3df8cb8a5bd36ae9f20ef	御定六壬直指0.txt
yijing	pdf	yijing/pdf/焦氏易林全文.pdf	468977	2ebe9a614d8b021316ee824545e5f1d611f68f173071abadc00b1659ef90bcd4	焦氏易林全文.pdf
yijing	text	yijing/text/六爻.txt	12049	4fc00cd7f8b170be033843196bcb99024804b4914184427f04fb27f17dcde094	六爻.txt
yijing	text	yijing/text/卜筮讲座.txt	107392	975b6d93e46fce38dfe4ade4fcb7b05e67ed51d0c5d15ec5f52285406820cd5f	卜筮讲座.txt
zhuyou	pdf	zhuyou/pdf/珍本祝由十三科.pdf	8950349	08343f4281ed128f2b79f86068577289399bc1b4bbaebc4e16be1db979f88d0e	珍本祝由十三科.pdf
